The	0.00
iron	22.94036102294922
oxidized	14.821577072143555
.	11.17094898223877
<eos>	0.0
The	0.00
storm	24.639432907104492
subsided	17.060529708862305
.	5.720563888549805
<eos>	0.0
The	0.00
girl	23.208921432495117
fainted	17.153337478637695
.	5.9740519523620605
<eos>	0.0
The	0.00
baby	22.17342758178711
cried	13.702288627624512
.	3.7091705799102783
<eos>	0.0
The	0.00
knight	32.19186782836914
perished	17.795011520385742
.	7.0602874755859375
<eos>	0.0
The	0.00
flood	26.588062286376953
receded	17.457794189453125
.	4.274472236633301
<eos>	0.0
The	0.00
convict	37.68167495727539
escaped	14.792078018188477
.	7.656053066253662
<eos>	0.0
The	0.00
computer	22.498600006103516
crashed	14.650130271911621
.	6.420614719390869
<eos>	0.0
The	0.00
vase	35.32796859741211
shattered	16.734153747558594
.	4.663392066955566
<eos>	0.0
The	0.00
yacht	27.78545379638672
sank	13.330689430236816
.	6.004292964935303
<eos>	0.0
The	0.00
shirt	31.221630096435547
ripped	12.969099044799805
.	5.771025657653809
<eos>	0.0
The	0.00
water	26.170963287353516
evaporated	16.50383186340332
.	4.021337032318115
<eos>	0.0
The	0.00
building	21.91971778869629
collapsed	15.048529624938965
.	4.835636615753174
<eos>	0.0
The	0.00
pupils	25.614917755126953
dilated	15.771145820617676
.	6.038236141204834
<eos>	0.0
The	0.00
building	21.91971778869629
deteriorated	20.296005249023438
.	4.980741024017334
<eos>	0.0
The	0.00
ship	30.682825088500977
capsized	11.723461151123047
.	6.253037929534912
<eos>	0.0
The	0.00
ice	29.127010345458984
cream	1.0166501998901367
melted	17.67453384399414
.	5.741436004638672
<eos>	0.0
The	0.00
water	26.170963287353516
boiled	14.859992980957031
.	6.956456661224365
<eos>	0.0
The	0.00
tree	26.665124893188477
fell	10.178150177001953
.	6.027401924133301
<eos>	0.0
The	0.00
letter	27.751394271850586
arrived	12.837114334106445
.	6.067455768585205
<eos>	0.0
The	0.00
glass	23.374902725219727
cracked	17.596176147460938
.	4.9301605224609375
<eos>	0.0
The	0.00
bomb	24.601192474365234
exploded	12.593925476074219
.	5.767119407653809
<eos>	0.0
The	0.00
meat	27.540851593017578
charred	17.369787216186523
.	5.552499294281006
<eos>	0.0
The	0.00
sugar	29.52904510498047
dissolved	19.59683609008789
.	4.8900146484375
<eos>	0.0
The	0.00
meat	27.540851593017578
spoiled	19.003183364868164
.	4.5858049392700195
<eos>	0.0
The	0.00
toilet	29.23600959777832
overflowed	13.204379081726074
.	4.519775390625
<eos>	0.0
The	0.00
window	25.621444702148438
shattered	15.107338905334473
.	3.286409616470337
<eos>	0.0
The	0.00
child	25.482070922851562
screamed	15.10744571685791
.	5.750105857849121
<eos>	0.0
The	0.00
smith	40.6346321105957
hammered	17.75712013244629
.	11.066496849060059
<eos>	0.0
The	0.00
captain	28.4476318359375
feared	17.08292007446289
.	11.86759090423584
<eos>	0.0
The	0.00
bug	31.457975387573242
frightened	17.691864013671875
.	14.275790214538574
<eos>	0.0
The	0.00
woman	20.884300231933594
held	11.563600540161133
.	12.071364402770996
<eos>	0.0
The	0.00
arrow	33.61763000488281
wounded	14.309416770935059
.	5.829496383666992
<eos>	0.0
The	0.00
scientist	23.62256622314453
predicted	14.673277854919434
.	8.351130485534668
<eos>	0.0
The	0.00
policeman	24.519634246826172
arrested	12.157071113586426
.	8.966489791870117
<eos>	0.0
The	0.00
secretary	33.09434127807617
bought	12.803865432739258
.	13.064164161682129
<eos>	0.0
The	0.00
maid	40.61546325683594
dusted	20.13044548034668
.	10.16240406036377
<eos>	0.0
The	0.00
<UNK>	7.3174967765808105
bought	13.424241065979004
.	10.56094741821289
<eos>	0.0
The	0.00
man	19.79791259765625
bought	12.82570743560791
.	11.420476913452148
<eos>	0.0
The	0.00
waiter	31.36732292175293
poured	14.729515075683594
.	13.591054916381836
<eos>	0.0
The	0.00
workers	24.668689727783203
built	14.686997413635254
.	10.65030574798584
<eos>	0.0
The	0.00
doctor	20.653139114379883
examined	16.338058471679688
.	9.320911407470703
<eos>	0.0
The	0.00
workers	24.668689727783203
repaired	21.37042999267578
.	9.285611152648926
<eos>	0.0
The	0.00
sailor	36.859737396240234
built	13.677444458007812
.	9.493510246276855
<eos>	0.0
The	0.00
boy	23.236774444580078
liked	12.537055969238281
.	11.160614013671875
<eos>	0.0
The	0.00
chef	24.172225952148438
needed	15.024553298950195
.	11.028244018554688
<eos>	0.0
The	0.00
lumberjack	34.48358917236328
cut	12.171038627624512
.	8.988350868225098
<eos>	0.0
The	0.00
author	25.0572509765625
wrote	9.83333969116211
.	6.838722229003906
<eos>	0.0
The	0.00
athlete	25.869064331054688
hit	11.950350761413574
.	12.292200088500977
<eos>	0.0
The	0.00
terrorist	22.685306549072266
built	13.952587127685547
.	9.727174758911133
<eos>	0.0
The	0.00
hunter	33.54179763793945
cooked	17.420530319213867
.	9.18392276763916
<eos>	0.0
The	0.00
cook	32.77869415283203
bought	12.881879806518555
.	11.313028335571289
<eos>	0.0
The	0.00
butcher	27.611820220947266
cut	11.972908020019531
.	13.340422630310059
<eos>	0.0
The	0.00
plumber	26.814332962036133
fixed	16.055028915405273
.	6.255534648895264
<eos>	0.0
The	0.00
boy	23.236774444580078
cleaned	16.689544677734375
.	11.210427284240723
<eos>	0.0
The	0.00
shadow	19.44734001159668
frightened	20.426105499267578
.	10.213093757629395
<eos>	0.0
The	0.00
iron	22.94036102294922
hammered	16.769441604614258
.	7.727211952209473
<eos>	0.0
The	0.00
storm	24.639432907104492
feared	18.593801498413086
.	9.748181343078613
<eos>	0.0
The	0.00
girl	23.208921432495117
frightened	19.337024688720703
.	9.744133949279785
<eos>	0.0
The	0.00
baby	22.17342758178711
held	15.292983055114746
.	9.422802925109863
<eos>	0.0
The	0.00
knight	32.19186782836914
wounded	14.000396728515625
.	8.451600074768066
<eos>	0.0
The	0.00
flood	26.588062286376953
predicted	14.831674575805664
.	8.02835464477539
<eos>	0.0
The	0.00
convict	37.68167495727539
arrested	15.116606712341309
.	9.010744094848633
<eos>	0.0
The	0.00
computer	22.498600006103516
bought	12.532983779907227
.	9.611769676208496
<eos>	0.0
The	0.00
vase	35.32796859741211
dusted	16.76010513305664
.	8.529826164245605
<eos>	0.0
The	0.00
yacht	27.78545379638672
bought	12.912066459655762
.	11.956762313842773
<eos>	0.0
The	0.00
shirt	31.221630096435547
bought	11.464722633361816
.	14.632573127746582
<eos>	0.0
The	0.00
water	26.170963287353516
poured	11.948566436767578
.	7.897749423980713
<eos>	0.0
The	0.00
building	21.91971778869629
built	11.750673294067383
.	11.395566940307617
<eos>	0.0
The	0.00
pupils	25.614917755126953
examined	16.25117301940918
.	8.809174537658691
<eos>	0.0
The	0.00
building	21.91971778869629
repaired	19.45899200439453
.	3.9556357860565186
<eos>	0.0
The	0.00
ship	30.682825088500977
built	12.461968421936035
.	10.221978187561035
<eos>	0.0
The	0.00
ice	29.127010345458984
cream	1.0166501998901367
liked	19.99063491821289
.	8.87044620513916
<eos>	0.0
The	0.00
water	26.170963287353516
needed	13.719059944152832
.	8.612221717834473
<eos>	0.0
The	0.00
tree	26.665124893188477
cut	8.741761207580566
.	7.983942985534668
<eos>	0.0
The	0.00
letter	27.751394271850586
wrote	12.259378433227539
.	7.32815408706665
<eos>	0.0
The	0.00
glass	23.374902725219727
hit	9.17604923248291
.	10.899023056030273
<eos>	0.0
The	0.00
bomb	24.601192474365234
built	12.22087287902832
.	10.701037406921387
<eos>	0.0
The	0.00
meat	27.540851593017578
cooked	13.499566078186035
.	9.084175109863281
<eos>	0.0
The	0.00
sugar	29.52904510498047
bought	13.397234916687012
.	7.453708171844482
<eos>	0.0
The	0.00
meat	27.540851593017578
cut	12.95898723602295
.	7.301124095916748
<eos>	0.0
The	0.00
toilet	29.23600959777832
fixed	15.35407829284668
.	4.754270553588867
<eos>	0.0
The	0.00
window	25.621444702148438
cleaned	15.0134859085083
.	4.816311836242676
<eos>	0.0
The	0.00
child	25.482070922851562
frightened	19.7814884185791
.	9.042251586914062
<eos>	0.0
The	0.00
smith	40.6346321105957
oxidized	24.761232376098633
.	6.4650774002075195
<eos>	0.0
The	0.00
captain	28.4476318359375
subsided	21.443998336791992
.	6.3494157791137695
<eos>	0.0
The	0.00
bug	31.457975387573242
fainted	20.535524368286133
.	4.498293876647949
<eos>	0.0
The	0.00
woman	20.884300231933594
cried	15.112414360046387
.	6.874229431152344
<eos>	0.0
The	0.00
arrow	33.61763000488281
perished	19.255413055419922
.	3.7283389568328857
<eos>	0.0
The	0.00
scientist	23.62256622314453
receded	22.049758911132812
.	7.792296409606934
<eos>	0.0
The	0.00
policeman	24.519634246826172
escaped	15.832276344299316
.	7.964504718780518
<eos>	0.0
The	0.00
secretary	33.09434127807617
crashed	15.887030601501465
.	10.442473411560059
<eos>	0.0
The	0.00
maid	40.61546325683594
shattered	20.04802703857422
.	5.666512489318848
<eos>	0.0
The	0.00
<UNK>	7.3174967765808105
sank	19.258220672607422
.	8.795838356018066
<eos>	0.0
The	0.00
man	19.79791259765625
ripped	14.778624534606934
.	9.311095237731934
<eos>	0.0
The	0.00
waiter	31.36732292175293
evaporated	19.137935638427734
.	3.858712673187256
<eos>	0.0
The	0.00
workers	24.668689727783203
collapsed	17.962778091430664
.	6.810879230499268
<eos>	0.0
The	0.00
doctor	20.653139114379883
dilated	21.37488555908203
.	5.338663101196289
<eos>	0.0
The	0.00
workers	24.668689727783203
deteriorated	21.54062271118164
.	6.347552299499512
<eos>	0.0
The	0.00
sailor	36.859737396240234
capsized	17.221311569213867
.	7.438689708709717
<eos>	0.0
The	0.00
boy	23.236774444580078
melted	19.401952743530273
.	8.594982147216797
<eos>	0.0
The	0.00
chef	24.172225952148438
boiled	15.650247573852539
.	10.166916847229004
<eos>	0.0
The	0.00
lumberjack	34.48358917236328
fell	12.83556079864502
.	8.521174430847168
<eos>	0.0
The	0.00
author	25.0572509765625
arrived	14.071340560913086
.	10.119155883789062
<eos>	0.0
The	0.00
athlete	25.869064331054688
cracked	19.913408279418945
.	7.004770755767822
<eos>	0.0
The	0.00
terrorist	22.685306549072266
exploded	16.496782302856445
.	8.599913597106934
<eos>	0.0
The	0.00
hunter	33.54179763793945
charred	23.217565536499023
.	9.890384674072266
<eos>	0.0
The	0.00
cook	32.77869415283203
dissolved	19.1412410736084
.	9.976532936096191
<eos>	0.0
The	0.00
butcher	27.611820220947266
spoiled	17.25037956237793
.	12.080831527709961
<eos>	0.0
The	0.00
plumber	26.814332962036133
overflowed	22.266368865966797
.	8.440038681030273
<eos>	0.0
The	0.00
boy	23.236774444580078
shattered	19.69856071472168
.	8.367271423339844
<eos>	0.0
The	0.00
shadow	19.44734001159668
screamed	16.964536666870117
.	7.53325080871582
<eos>	0.0
The	0.00
iron	22.94036102294922
that	8.38785457611084
the	8.15111255645752
smith	24.68661880493164
hammered	16.632516860961914
oxidized	31.408424377441406
.	5.691188812255859
<eos>	0.0
The	0.00
storm	24.639432907104492
that	4.191573143005371
the	10.562963485717773
captain	13.529435157775879
feared	10.612725257873535
subsided	20.883705139160156
.	4.566259384155273
<eos>	0.0
The	0.00
girl	23.208921432495117
that	5.0344157218933105
the	7.670623779296875
bug	16.343921661376953
frightened	14.394607543945312
fainted	20.685659408569336
.	3.8788986206054688
<eos>	0.0
The	0.00
baby	22.17342758178711
that	6.315945625305176
the	7.122934341430664
woman	8.961407661437988
held	10.277634620666504
cried	13.262401580810547
.	5.509145259857178
<eos>	0.0
The	0.00
knight	32.19186782836914
that	6.167437553405762
the	8.529399871826172
arrow	19.25542449951172
wounded	16.13680648803711
perished	17.590415954589844
.	4.848097324371338
<eos>	0.0
The	0.00
flood	26.588062286376953
that	6.630540370941162
the	8.2793550491333
scientist	13.765154838562012
predicted	10.24405574798584
receded	19.926414489746094
.	5.394530773162842
<eos>	0.0
The	0.00
convict	37.68167495727539
that	5.9796142578125
the	7.613409996032715
policeman	11.38602352142334
arrested	9.83635139465332
escaped	14.254716873168945
.	6.319398403167725
<eos>	0.0
The	0.00
computer	22.498600006103516
that	5.700158596038818
the	8.755956649780273
secretary	13.36557388305664
bought	7.413627624511719
crashed	13.8627347946167
.	5.7498016357421875
<eos>	0.0
The	0.00
vase	35.32796859741211
that	5.265982151031494
the	6.095215320587158
maid	13.505699157714844
dusted	18.605743408203125
shattered	21.49937629699707
.	3.9700849056243896
<eos>	0.0
The	0.00
yacht	27.78545379638672
that	5.621444225311279
the	7.448244571685791
<UNK>	6.367216110229492
bought	8.944668769836426
sank	14.472402572631836
.	6.257307052612305
<eos>	0.0
The	0.00
shirt	31.221630096435547
that	5.243512153625488
the	6.381526470184326
man	6.8769612312316895
bought	7.167723178863525
ripped	15.189141273498535
.	6.601829528808594
<eos>	0.0
The	0.00
water	26.170963287353516
that	5.837486267089844
the	7.473903656005859
waiter	12.835412979125977
poured	9.427416801452637
evaporated	19.39828872680664
.	4.366409778594971
<eos>	0.0
The	0.00
building	21.91971778869629
that	4.513601779937744
the	7.613794803619385
workers	13.611443519592285
built	6.069120407104492
collapsed	11.401102066040039
.	5.235573768615723
<eos>	0.0
The	0.00
pupils	25.614917755126953
that	7.112611770629883
the	9.130605697631836
doctor	11.434246063232422
examined	9.127105712890625
dilated	18.091800689697266
.	4.588822841644287
<eos>	0.0
The	0.00
building	21.91971778869629
that	4.513601779937744
the	7.613794803619385
workers	13.611443519592285
repaired	15.773053169250488
deteriorated	15.559449195861816
.	4.715568542480469
<eos>	0.0
The	0.00
ship	30.682825088500977
that	4.536919593811035
the	7.622467041015625
sailor	10.656805038452148
built	6.268777370452881
capsized	13.639595031738281
.	6.151153564453125
<eos>	0.0
The	0.00
ice	29.127010345458984
cream	1.0166501998901367
that	8.874528884887695
the	7.904088497161865
boy	10.918437004089355
liked	7.893701076507568
melted	16.262393951416016
.	5.293718338012695
<eos>	0.0
The	0.00
water	26.170963287353516
that	5.837486267089844
the	7.473903656005859
chef	10.142914772033691
needed	12.922910690307617
boiled	12.168428421020508
.	5.251338481903076
<eos>	0.0
The	0.00
tree	26.665124893188477
that	4.621573448181152
the	7.687312602996826
lumberjack	22.070892333984375
cut	10.545820236206055
fell	9.393784523010254
.	6.923604488372803
<eos>	0.0
The	0.00
letter	27.751394271850586
that	4.61231803894043
the	6.185944080352783
author	7.072200775146484
wrote	2.706961154937744
arrived	13.933967590332031
.	7.0617146492004395
<eos>	0.0
The	0.00
glass	23.374902725219727
that	8.106704711914062
the	7.220013618469238
athlete	15.929985046386719
hit	9.872662544250488
cracked	14.496854782104492
.	4.834860324859619
<eos>	0.0
The	0.00
bomb	24.601192474365234
that	4.802567958831787
the	7.430546283721924
terrorist	11.327072143554688
built	10.5787992477417
exploded	14.81938362121582
.	5.99690580368042
<eos>	0.0
The	0.00
meat	27.540851593017578
that	5.574779510498047
the	6.7289910316467285
hunter	14.136507034301758
cooked	10.033251762390137
charred	18.556427001953125
.	4.804492473602295
<eos>	0.0
The	0.00
sugar	29.52904510498047
that	8.816447257995605
the	7.278135776519775
cook	13.61688232421875
bought	8.353764533996582
dissolved	18.14841079711914
.	6.230469226837158
<eos>	0.0
The	0.00
meat	27.540851593017578
that	5.574779510498047
the	6.7289910316467285
butcher	9.112852096557617
cut	9.498950004577637
spoiled	21.496070861816406
.	5.75875997543335
<eos>	0.0
The	0.00
toilet	29.23600959777832
that	6.454668045043945
the	7.467108726501465
plumber	12.457192420959473
fixed	12.952520370483398
overflowed	22.335147857666016
.	3.8550329208374023
<eos>	0.0
The	0.00
window	25.621444702148438
that	5.503478050231934
the	6.29224967956543
boy	11.05733871459961
cleaned	13.478156089782715
shattered	16.46448516845703
.	4.000862121582031
<eos>	0.0
The	0.00
child	25.482070922851562
that	5.789910316467285
the	8.146096229553223
shadow	12.048604965209961
frightened	20.06715965270996
screamed	20.382408142089844
.	4.937605381011963
<eos>	0.0
The	0.00
iron	22.94036102294922
that	8.38785457611084
the	8.15111255645752
smith	24.68661880493164
oxidized	24.22134780883789
hammered	17.666038513183594
.	5.486320495605469
<eos>	0.0
The	0.00
storm	24.639432907104492
that	4.191573143005371
the	10.562963485717773
captain	13.529435157775879
subsided	22.819290161132812
feared	16.889507293701172
.	4.907039165496826
<eos>	0.0
The	0.00
girl	23.208921432495117
that	5.0344157218933105
the	7.670623779296875
bug	16.343921661376953
fainted	19.8531551361084
frightened	17.648616790771484
.	4.525487899780273
<eos>	0.0
The	0.00
baby	22.17342758178711
that	6.315945625305176
the	7.122934341430664
woman	8.961407661437988
cried	10.366687774658203
held	16.033660888671875
.	7.506237983703613
<eos>	0.0
The	0.00
knight	32.19186782836914
that	6.167437553405762
the	8.529399871826172
arrow	19.25542449951172
perished	19.447803497314453
wounded	17.152969360351562
.	5.389496326446533
<eos>	0.0
The	0.00
flood	26.588062286376953
that	6.630540370941162
the	8.2793550491333
scientist	13.765154838562012
receded	24.835208892822266
predicted	17.365562438964844
.	7.9780592918396
<eos>	0.0
The	0.00
convict	37.68167495727539
that	5.9796142578125
the	7.613409996032715
policeman	11.38602352142334
escaped	12.572781562805176
arrested	12.8881254196167
.	3.1861836910247803
<eos>	0.0
The	0.00
computer	22.498600006103516
that	5.700158596038818
the	8.755956649780273
secretary	13.36557388305664
crashed	14.067766189575195
bought	16.773664474487305
.	6.3660125732421875
<eos>	0.0
The	0.00
vase	35.32796859741211
that	5.265982151031494
the	6.095215320587158
maid	13.505699157714844
shattered	17.817020416259766
dusted	24.50574493408203
.	8.316636085510254
<eos>	0.0
The	0.00
yacht	27.78545379638672
that	5.621444225311279
the	7.448244571685791
<UNK>	6.367216110229492
sank	14.170086860656738
bought	13.693768501281738
.	5.9360833168029785
<eos>	0.0
The	0.00
shirt	31.221630096435547
that	5.243512153625488
the	6.381526470184326
man	6.8769612312316895
ripped	12.050477027893066
bought	17.38904571533203
.	5.06050443649292
<eos>	0.0
The	0.00
water	26.170963287353516
that	5.837486267089844
the	7.473903656005859
waiter	12.835412979125977
evaporated	19.591411590576172
poured	14.162753105163574
.	9.10647201538086
<eos>	0.0
The	0.00
building	21.91971778869629
that	4.513601779937744
the	7.613794803619385
workers	13.611443519592285
collapsed	12.73332405090332
built	15.093047142028809
.	5.340671539306641
<eos>	0.0
The	0.00
pupils	25.614917755126953
that	7.112611770629883
the	9.130605697631836
doctor	11.434246063232422
dilated	23.617307662963867
examined	14.715279579162598
.	3.992644786834717
<eos>	0.0
The	0.00
building	21.91971778869629
that	4.513601779937744
the	7.613794803619385
workers	13.611443519592285
deteriorated	22.397985458374023
repaired	17.541034698486328
.	4.89871883392334
<eos>	0.0
The	0.00
ship	30.682825088500977
that	4.536919593811035
the	7.622467041015625
sailor	10.656805038452148
capsized	11.272821426391602
built	13.352595329284668
.	7.407507419586182
<eos>	0.0
The	0.00
ice	29.127010345458984
cream	1.0166501998901367
that	8.874528884887695
the	7.904088497161865
boy	10.918437004089355
melted	16.537216186523438
liked	16.06755256652832
.	3.67909574508667
<eos>	0.0
The	0.00
water	26.170963287353516
that	5.837486267089844
the	7.473903656005859
chef	10.142914772033691
boiled	11.152506828308105
needed	15.07120418548584
.	7.73685359954834
<eos>	0.0
The	0.00
tree	26.665124893188477
that	4.621573448181152
the	7.687312602996826
lumberjack	22.070892333984375
fell	8.034330368041992
cut	16.533199310302734
.	6.640138149261475
<eos>	0.0
The	0.00
letter	27.751394271850586
that	4.61231803894043
the	6.185944080352783
author	7.072200775146484
arrived	12.625454902648926
wrote	15.500582695007324
.	5.865352153778076
<eos>	0.0
The	0.00
glass	23.374902725219727
that	8.106704711914062
the	7.220013618469238
athlete	15.929985046386719
cracked	11.320456504821777
hit	11.097264289855957
.	10.091665267944336
<eos>	0.0
The	0.00
bomb	24.601192474365234
that	4.802567958831787
the	7.430546283721924
terrorist	11.327072143554688
exploded	12.195035934448242
built	17.140897750854492
.	6.016745567321777
<eos>	0.0
The	0.00
meat	27.540851593017578
that	5.574779510498047
the	6.7289910316467285
hunter	14.136507034301758
charred	20.36553192138672
cooked	14.916585922241211
.	4.551031112670898
<eos>	0.0
The	0.00
sugar	29.52904510498047
that	8.816447257995605
the	7.278135776519775
cook	13.61688232421875
dissolved	18.303396224975586
bought	17.046710968017578
.	6.3155131340026855
<eos>	0.0
The	0.00
meat	27.540851593017578
that	5.574779510498047
the	6.7289910316467285
butcher	9.112852096557617
spoiled	16.559585571289062
cut	12.596783638000488
.	6.415363311767578
<eos>	0.0
The	0.00
toilet	29.23600959777832
that	6.454668045043945
the	7.467108726501465
plumber	12.457192420959473
overflowed	20.0460147857666
fixed	18.082115173339844
.	2.8301942348480225
<eos>	0.0
The	0.00
window	25.621444702148438
that	5.503478050231934
the	6.29224967956543
boy	11.05733871459961
shattered	15.812304496765137
cleaned	18.14813995361328
.	5.939189910888672
<eos>	0.0
The	0.00
child	25.482070922851562
that	5.789910316467285
the	8.146096229553223
shadow	12.048604965209961
screamed	17.51314353942871
frightened	17.60837173461914
.	4.959385871887207
<eos>	0.0
The	0.00
iron	22.94036102294922
that	8.38785457611084
the	8.15111255645752
smith	24.68661880493164
who	7.560695648193359
lives	7.231515884399414
down	6.312417984008789
the	0.7376823425292969
road	1.8177618980407715
hammered	18.423751831054688
oxidized	30.344079971313477
.	8.759257316589355
<eos>	0.0
The	0.00
storm	24.639432907104492
that	4.191573143005371
the	10.562963485717773
captain	13.529435157775879
with	10.715627670288086
the	1.9419885873794556
black	9.3226957321167
mustache	12.923734664916992
feared	11.081219673156738
subsided	22.433704376220703
.	4.515333652496338
<eos>	0.0
The	0.00
girl	23.208921432495117
that	5.0344157218933105
the	7.670623779296875
bug	16.343921661376953
with	9.490471839904785
the	2.6919291019439697
green	9.315535545349121
wings	7.591823577880859
frightened	18.596399307250977
fainted	22.67970085144043
.	3.6702661514282227
<eos>	0.0
The	0.00
baby	22.17342758178711
that	6.315945625305176
the	7.122934341430664
woman	8.961407661437988
waiting	14.784478187561035
in	3.6325466632843018
the	0.822800874710083
hallway	8.848496437072754
held	10.425785064697266
cried	16.633193969726562
.	4.339519500732422
<eos>	0.0
The	0.00
knight	32.19186782836914
that	6.167437553405762
the	8.529399871826172
arrow	19.25542449951172
with	9.446253776550293
the	1.1570703983306885
poison	12.754026412963867
tip	11.286352157592773
wounded	15.844466209411621
perished	17.986343383789062
.	3.995666027069092
<eos>	0.0
The	0.00
flood	26.588062286376953
that	6.630540370941162
the	8.2793550491333
scientist	13.765154838562012
from	7.215643405914307
the	3.6249043941497803
famous	11.343249320983887
university	8.404915809631348
predicted	10.91972827911377
receded	19.3090763092041
.	6.1698317527771
<eos>	0.0
The	0.00
convict	37.68167495727539
that	5.9796142578125
the	7.613409996032715
policeman	11.38602352142334
from	7.74997091293335
the	4.097162246704102
neighboring	14.006379127502441
city	4.67378568649292
arrested	14.43920612335205
escaped	14.938920021057129
.	5.1709089279174805
<eos>	0.0
The	0.00
computer	22.498600006103516
that	5.700158596038818
the	8.755956649780273
secretary	13.36557388305664
with	11.334814071655273
the	1.269568681716919
blue	10.419329643249512
glasses	7.412901878356934
bought	7.172688007354736
crashed	13.611005783081055
.	5.676580905914307
<eos>	0.0
The	0.00
vase	35.32796859741211
that	5.265982151031494
the	6.095215320587158
maid	13.505699157714844
with	9.199533462524414
the	1.095382809638977
foreign	13.135534286499023
accent	2.655823230743408
dusted	18.59640884399414
shattered	20.509822845458984
.	4.036940097808838
<eos>	0.0
The	0.00
yacht	27.78545379638672
that	5.621444225311279
the	7.448244571685791
<UNK>	6.367216110229492
who	8.582769393920898
everyone	16.303356170654297
despises	11.589072227478027
bought	10.262428283691406
sank	19.524900436401367
.	3.641732692718506
<eos>	0.0
The	0.00
shirt	31.221630096435547
that	5.243512153625488
the	6.381526470184326
man	6.8769612312316895
who	3.787111282348633
lives	8.949737548828125
down	7.036226272583008
the	0.5764479637145996
block	7.312459468841553
bought	8.378987312316895
ripped	14.8142728805542
.	6.185949325561523
<eos>	0.0
The	0.00
water	26.170963287353516
that	5.837486267089844
the	7.473903656005859
waiter	12.835412979125977
in	5.978324890136719
the	1.6118501424789429
white	9.046852111816406
apron	5.324377059936523
poured	11.503364562988281
evaporated	18.027061462402344
.	4.131749153137207
<eos>	0.0
The	0.00
building	21.91971778869629
that	4.513601779937744
the	7.613794803619385
workers	13.611443519592285
from	6.485776424407959
the	3.000946044921875
local	7.145428657531738
union	5.97398042678833
built	7.925786972045898
collapsed	10.718225479125977
.	4.805724620819092
<eos>	0.0
The	0.00
pupils	25.614917755126953
that	7.112611770629883
the	9.130605697631836
doctor	11.434246063232422
in	6.917350769042969
the	3.062905788421631
white	9.937073707580566
coat	4.293970584869385
examined	10.559746742248535
dilated	17.799711227416992
.	4.708786964416504
<eos>	0.0
The	0.00
building	21.91971778869629
that	4.513601779937744
the	7.613794803619385
workers	13.611443519592285
in	5.212752342224121
the	2.589945077896118
green	10.76912784576416
pants	13.21878433227539
repaired	17.104232788085938
deteriorated	15.743886947631836
.	5.038815975189209
<eos>	0.0
The	0.00
ship	30.682825088500977
that	4.536919593811035
the	7.622467041015625
sailor	10.656805038452148
in	7.186910152435303
the	2.802339553833008
blue	9.216739654541016
uniform	7.0959367752075195
built	8.122576713562012
capsized	14.698936462402344
.	5.162505149841309
<eos>	0.0
The	0.00
ice	29.127010345458984
cream	1.0166501998901367
that	8.874528884887695
the	7.904088497161865
boy	10.918437004089355
from	5.134730339050293
the	5.165191650390625
local	7.108801364898682
university	9.845987319946289
liked	8.142778396606445
melted	17.171297073364258
.	5.901515483856201
<eos>	0.0
The	0.00
water	26.170963287353516
that	5.837486267089844
the	7.473903656005859
chef	10.142914772033691
in	6.997052192687988
the	2.1847853660583496
tall	15.07644271850586
white	4.242610454559326
hat	7.462914943695068
needed	10.9578857421875
boiled	13.574296951293945
.	4.81931209564209
<eos>	0.0
The	0.00
tree	26.665124893188477
that	4.621573448181152
the	7.687312602996826
lumberjack	22.070892333984375
from	8.311727523803711
the	5.066591262817383
small	7.8582000732421875
town	1.749098777770996
cut	14.269803047180176
fell	12.500699996948242
.	7.67567253112793
<eos>	0.0
The	0.00
letter	27.751394271850586
that	4.61231803894043
the	6.185944080352783
author	7.072200775146484
from	9.929224967956543
the	3.9889140129089355
big	12.037599563598633
city	6.321907043457031
wrote	7.534725189208984
arrived	14.155926704406738
.	6.795719623565674
<eos>	0.0
The	0.00
glass	23.374902725219727
that	8.106704711914062
the	7.220013618469238
athlete	15.929985046386719
in	8.14881420135498
the	1.6434381008148193
red	7.966178894042969
jersey	5.232970714569092
hit	11.995176315307617
cracked	15.051876068115234
.	4.794427871704102
<eos>	0.0
The	0.00
bomb	24.601192474365234
that	4.802567958831787
the	7.430546283721924
terrorist	11.327072143554688
from	10.550223350524902
the	3.552098274230957
foreign	12.821742057800293
country	7.944104194641113
built	8.369793891906738
exploded	12.346016883850098
.	5.3634233474731445
<eos>	0.0
The	0.00
meat	27.540851593017578
that	5.574779510498047
the	6.7289910316467285
hunter	14.136507034301758
in	6.634315013885498
the	1.2118000984191895
green	8.90139102935791
coat	5.154691219329834
cooked	10.800546646118164
charred	18.486957550048828
.	4.847245693206787
<eos>	0.0
The	0.00
sugar	29.52904510498047
that	8.816447257995605
the	7.278135776519775
cook	13.61688232421875
from	9.777850151062012
the	4.259082317352295
south	6.513362884521484
of	1.401000738143921
France	1.9519342184066772
bought	7.889395713806152
dissolved	19.091270446777344
.	5.679995059967041
<eos>	0.0
The	0.00
meat	27.540851593017578
that	5.574779510498047
the	6.7289910316467285
butcher	9.112852096557617
with	10.892867088317871
the	1.3550752401351929
strong	12.12026309967041
arms	10.48903751373291
cut	11.227594375610352
spoiled	20.511104583740234
.	4.445224285125732
<eos>	0.0
The	0.00
toilet	29.23600959777832
that	6.454668045043945
the	7.467108726501465
plumber	12.457192420959473
who	6.696834564208984
we	12.447920799255371
all	5.036454200744629
respect	10.737181663513184
fixed	13.484903335571289
overflowed	26.534709930419922
.	4.537128448486328
<eos>	0.0
The	0.00
window	25.621444702148438
that	5.503478050231934
the	6.29224967956543
boy	11.05733871459961
in	5.856800556182861
the	1.2800273895263672
blue	9.25663948059082
shirt	4.028013229370117
cleaned	14.59364128112793
shattered	17.809423446655273
.	5.000622272491455
<eos>	0.0
The	0.00
child	25.482070922851562
that	5.789910316467285
the	8.146096229553223
shadow	12.048604965209961
in	8.585967063903809
the	1.9573992490768433
corner	7.540183067321777
of	1.5254497528076172
the	1.133504033088684
room	3.1239397525787354
frightened	16.09335708618164
screamed	19.54749298095703
.	4.802211284637451
<eos>	0.0
The	0.00
iron	22.94036102294922
that	8.38785457611084
the	8.15111255645752
smith	24.68661880493164
who	7.560695648193359
lives	7.231515884399414
down	6.312417984008789
the	0.7376823425292969
road	1.8177618980407715
oxidized	28.10942268371582
hammered	18.70737648010254
.	5.665060997009277
<eos>	0.0
The	0.00
storm	24.639432907104492
that	4.191573143005371
the	10.562963485717773
captain	13.529435157775879
with	10.715627670288086
the	1.9419885873794556
black	9.3226957321167
mustache	12.923734664916992
subsided	22.197023391723633
feared	17.649757385253906
.	4.36489725112915
<eos>	0.0
The	0.00
girl	23.208921432495117
that	5.0344157218933105
the	7.670623779296875
bug	16.343921661376953
with	9.490471839904785
the	2.6919291019439697
green	9.315535545349121
wings	7.591823577880859
fainted	19.478939056396484
frightened	21.102018356323242
.	3.634193181991577
<eos>	0.0
The	0.00
baby	22.17342758178711
that	6.315945625305176
the	7.122934341430664
woman	8.961407661437988
waiting	14.784478187561035
in	3.6325466632843018
the	0.822800874710083
hallway	8.848496437072754
cried	9.98721981048584
held	17.650785446166992
.	8.421690940856934
<eos>	0.0
The	0.00
knight	32.19186782836914
that	6.167437553405762
the	8.529399871826172
arrow	19.25542449951172
with	9.446253776550293
the	1.1570703983306885
poison	12.754026412963867
tip	11.286352157592773
perished	18.379451751708984
wounded	16.56046485900879
.	3.285391330718994
<eos>	0.0
The	0.00
flood	26.588062286376953
that	6.630540370941162
the	8.2793550491333
scientist	13.765154838562012
from	7.215643405914307
the	3.6249043941497803
famous	11.343249320983887
university	8.404915809631348
receded	26.882719039916992
predicted	16.40178871154785
.	4.695685386657715
<eos>	0.0
The	0.00
convict	37.68167495727539
that	5.9796142578125
the	7.613409996032715
policeman	11.38602352142334
from	7.74997091293335
the	4.097162246704102
neighboring	14.006379127502441
city	4.67378568649292
escaped	16.761964797973633
arrested	13.241170883178711
.	3.284416913986206
<eos>	0.0
The	0.00
computer	22.498600006103516
that	5.700158596038818
the	8.755956649780273
secretary	13.36557388305664
with	11.334814071655273
the	1.269568681716919
blue	10.419329643249512
glasses	7.412901878356934
crashed	14.103994369506836
bought	14.881051063537598
.	5.218602180480957
<eos>	0.0
The	0.00
vase	35.32796859741211
that	5.265982151031494
the	6.095215320587158
maid	13.505699157714844
with	9.199533462524414
the	1.095382809638977
foreign	13.135534286499023
accent	2.655823230743408
shattered	17.788190841674805
dusted	22.18680763244629
.	6.822519779205322
<eos>	0.0
The	0.00
yacht	27.78545379638672
that	5.621444225311279
the	7.448244571685791
<UNK>	6.367216110229492
who	8.582769393920898
everyone	16.303356170654297
despises	11.589072227478027
sank	16.96123695373535
bought	16.629501342773438
.	8.815276145935059
<eos>	0.0
The	0.00
shirt	31.221630096435547
that	5.243512153625488
the	6.381526470184326
man	6.8769612312316895
who	3.787111282348633
lives	8.949737548828125
down	7.036226272583008
the	0.5764479637145996
block	7.312459468841553
ripped	14.458512306213379
bought	15.638877868652344
.	5.397144317626953
<eos>	0.0
The	0.00
water	26.170963287353516
that	5.837486267089844
the	7.473903656005859
waiter	12.835412979125977
in	5.978324890136719
the	1.6118501424789429
white	9.046852111816406
apron	5.324377059936523
evaporated	22.40957260131836
poured	12.055789947509766
.	7.8864359855651855
<eos>	0.0
The	0.00
building	21.91971778869629
that	4.513601779937744
the	7.613794803619385
workers	13.611443519592285
from	6.485776424407959
the	3.000946044921875
local	7.145428657531738
union	5.97398042678833
collapsed	12.253291130065918
built	14.59022045135498
.	5.164841651916504
<eos>	0.0
The	0.00
pupils	25.614917755126953
that	7.112611770629883
the	9.130605697631836
doctor	11.434246063232422
in	6.917350769042969
the	3.062905788421631
white	9.937073707580566
coat	4.293970584869385
dilated	22.22700309753418
examined	18.9790096282959
.	3.576646566390991
<eos>	0.0
The	0.00
building	21.91971778869629
that	4.513601779937744
the	7.613794803619385
workers	13.611443519592285
in	5.212752342224121
the	2.589945077896118
green	10.76912784576416
pants	13.21878433227539
deteriorated	24.026121139526367
repaired	17.653606414794922
.	4.689121246337891
<eos>	0.0
The	0.00
ship	30.682825088500977
that	4.536919593811035
the	7.622467041015625
sailor	10.656805038452148
in	7.186910152435303
the	2.802339553833008
blue	9.216739654541016
uniform	7.0959367752075195
capsized	14.072137832641602
built	13.802948951721191
.	6.533638954162598
<eos>	0.0
The	0.00
ice	29.127010345458984
cream	1.0166501998901367
that	8.874528884887695
the	7.904088497161865
boy	10.918437004089355
from	5.134730339050293
the	5.165191650390625
local	7.108801364898682
university	9.845987319946289
melted	17.256113052368164
liked	16.159465789794922
.	3.6520090103149414
<eos>	0.0
The	0.00
water	26.170963287353516
that	5.837486267089844
the	7.473903656005859
chef	10.142914772033691
in	6.997052192687988
the	2.1847853660583496
tall	15.07644271850586
white	4.242610454559326
hat	7.462914943695068
boiled	14.979728698730469
needed	14.566216468811035
.	5.526129245758057
<eos>	0.0
The	0.00
tree	26.665124893188477
that	4.621573448181152
the	7.687312602996826
lumberjack	22.070892333984375
from	8.311727523803711
the	5.066591262817383
small	7.8582000732421875
town	1.749098777770996
fell	13.46706771850586
cut	15.800475120544434
.	5.661247253417969
<eos>	0.0
The	0.00
letter	27.751394271850586
that	4.61231803894043
the	6.185944080352783
author	7.072200775146484
from	9.929224967956543
the	3.9889140129089355
big	12.037599563598633
city	6.321907043457031
arrived	14.62086009979248
wrote	14.310497283935547
.	5.666988849639893
<eos>	0.0
The	0.00
glass	23.374902725219727
that	8.106704711914062
the	7.220013618469238
athlete	15.929985046386719
in	8.14881420135498
the	1.6434381008148193
red	7.966178894042969
jersey	5.232970714569092
cracked	14.952896118164062
hit	11.864837646484375
.	7.267331123352051
<eos>	0.0
The	0.00
bomb	24.601192474365234
that	4.802567958831787
the	7.430546283721924
terrorist	11.327072143554688
from	10.550223350524902
the	3.552098274230957
foreign	12.821742057800293
country	7.944104194641113
exploded	12.625672340393066
built	16.7235164642334
.	6.087777614593506
<eos>	0.0
The	0.00
meat	27.540851593017578
that	5.574779510498047
the	6.7289910316467285
hunter	14.136507034301758
in	6.634315013885498
the	1.2118000984191895
green	8.90139102935791
coat	5.154691219329834
charred	22.04474639892578
cooked	16.0330810546875
.	4.507679462432861
<eos>	0.0
The	0.00
sugar	29.52904510498047
that	8.816447257995605
the	7.278135776519775
cook	13.61688232421875
from	9.777850151062012
the	4.259082317352295
south	6.513362884521484
of	1.401000738143921
France	1.9519342184066772
dissolved	18.73050308227539
bought	16.323322296142578
.	5.851676940917969
<eos>	0.0
The	0.00
meat	27.540851593017578
that	5.574779510498047
the	6.7289910316467285
butcher	9.112852096557617
with	10.892867088317871
the	1.3550752401351929
strong	12.12026309967041
arms	10.48903751373291
spoiled	18.94195556640625
cut	13.918907165527344
.	5.197972297668457
<eos>	0.0
The	0.00
toilet	29.23600959777832
that	6.454668045043945
the	7.467108726501465
plumber	12.457192420959473
who	6.696834564208984
we	12.447920799255371
all	5.036454200744629
respect	10.737181663513184
overflowed	22.40131378173828
fixed	17.909744262695312
.	4.108299255371094
<eos>	0.0
The	0.00
window	25.621444702148438
that	5.503478050231934
the	6.29224967956543
boy	11.05733871459961
in	5.856800556182861
the	1.2800273895263672
blue	9.25663948059082
shirt	4.028013229370117
shattered	17.315608978271484
cleaned	16.39838409423828
.	4.855917453765869
<eos>	0.0
The	0.00
child	25.482070922851562
that	5.789910316467285
the	8.146096229553223
shadow	12.048604965209961
in	8.585967063903809
the	1.9573992490768433
corner	7.540183067321777
of	1.5254497528076172
the	1.133504033088684
room	3.1239397525787354
screamed	14.031744003295898
frightened	19.19100570678711
.	3.353266954421997
<eos>	0.0
